{
    "rmse": 0.6953279187568815,
    "mae": 0.554361239992989,
    "r2": 0.2313193455975573
}